_index,DDEP,PGID,PPOS,TGID
0,0,14500,0,1
1,1,22900,0,1
2,0,20920,1,1
3,1,22747,1,1
4,2,20640,1,1
5,3,20921,1,1
6,0,22496,2,1
7,0,13184,3,1
8,1,505,3,1
9,2,14645,3,1
10,3,22780,3,1
11,4,13859,3,1
12,5,21074,3,1
13,0,20952,4,1
14,1,12583,4,1
15,2,27284,4,1
16,0,22135,5,1
17,1,1071,5,1
18,2,21545,5,1
19,0,21537,6,1
20,1,20538,6,1
21,2,1329,6,1
22,0,13195,7,1
23,1,22496,7,1
24,0,13470,8,1
25,1,20538,8,1
26,2,1329,8,1
27,0,22861,9,1
28,1,21545,9,1
29,2,21546,9,1
30,0,20411,10,1
31,1,22181,10,1
32,2,21134,10,1
33,0,12572,11,1
34,1,13463,11,1
35,2,14875,11,1
36,0,22921,12,1
37,1,17655,12,1
38,2,22925,12,1
39,3,20440,12,1
40,4,21993,12,1
41,0,22195,13,1
42,1,22996,13,1
43,0,13119,14,1
44,1,22195,14,1
45,0,20591,15,1
46,1,21905,15,1
47,2,22996,15,1
48,0,21009,16,1
49,1,23038,16,1
50,2,22261,16,1
51,3,22530,16,1
52,4,23152,16,1
53,0,17752,17,1
54,1,13261,17,1
55,2,12861,17,1
56,0,22228,18,1
57,1,13710,18,1
58,2,21795,18,1
59,0,2200,19,1
60,0,15008,20,1
61,0,20846,21,1
62,1,22780,21,1
63,2,22644,21,1
64,0,20846,22,1
65,1,22644,22,1
66,0,2200,23,1
67,1,15008,23,1
68,0,2882,24,1
69,1,21973,24,1
70,2,20952,24,1
71,0,20920,25,1
72,1,22747,25,1
73,2,20921,25,1
74,0,22747,26,1
75,1,20920,26,1
76,2,20921,26,1
77,0,505,27,1
78,1,13859,27,1
79,0,20411,28,1
80,1,21134,28,1
81,2,22181,28,1
82,0,13463,29,1
83,1,12572,29,1
84,2,14875,29,1
85,0,22921,30,1
86,1,17655,30,1
87,2,20440,30,1
88,0,13119,31,1
89,1,20591,31,1
90,2,22195,31,1
91,0,22261,32,1
92,1,22644,32,1
93,0,20948,0,2
94,1,20329,0,2
95,0,22740,1,2
96,1,21628,1,2
97,2,20510,1,2
98,3,21722,1,2
99,0,13731,2,2
100,0,21586,3,2
101,1,20962,3,2
102,2,22778,3,2
103,3,14654,3,2
104,4,22781,3,2
105,5,14669,3,2
106,0,13192,4,2
107,1,14690,4,2
108,2,20395,4,2
109,0,13083,5,2
110,1,22109,5,2
111,2,20531,5,2
112,0,22110,6,2
113,1,20531,6,2
114,0,17860,7,2
115,1,1161,7,2
116,0,13297,8,2
117,1,20531,8,2
118,0,2661,9,2
119,1,14698,9,2
120,2,21542,9,2
121,0,13182,10,2
122,1,22914,10,2
123,2,21687,10,2
124,0,12692,11,2
125,1,21510,11,2
126,2,22149,11,2
127,0,13160,12,2
128,1,17550,12,2
129,2,14767,12,2
130,3,21527,12,2
131,4,14860,12,2
132,0,21160,13,2
133,1,1272,13,2
134,0,20424,14,2
135,1,1272,14,2
136,2,21276,14,2
137,0,21148,15,2
138,1,21160,15,2
139,2,23016,15,2
140,0,22220,16,2
141,1,23031,16,2
142,2,22263,16,2
143,3,14940,16,2
144,4,21483,16,2
145,0,21018,17,2
146,1,1137,17,2
147,2,22240,17,2
148,0,17654,18,2
149,1,23025,18,2
150,0,21925,19,2
151,1,22395,19,2
152,0,1330,20,2
153,0,14654,21,2
154,1,21628,21,2
155,0,14669,22,2
156,1,22781,22,2
157,0,21925,23,2
158,1,22395,23,2
159,0,22250,24,2
160,0,22740,25,2
161,1,21628,25,2
162,2,20510,25,2
163,0,22740,26,2
164,1,20510,26,2
165,2,21628,26,2
166,0,22778,27,2
167,1,22781,27,2
168,0,13182,28,2
169,1,22914,28,2
170,2,14876,28,2
171,0,12692,29,2
172,1,21510,29,2
173,2,22149,29,2
174,0,13160,30,2
175,1,14767,30,2
176,2,21527,30,2
177,0,21148,31,2
178,1,20424,31,2
179,2,21160,31,2
180,0,12981,32,2
181,1,22263,32,2
182,2,1137,32,2
183,0,13197,0,3
184,1,12552,0,3
185,2,13250,0,3
186,0,22054,1,3
187,1,14626,1,3
188,2,20734,1,3
189,0,21398,2,3
190,0,2435,3,3
191,1,14646,3,3
192,2,12579,3,3
193,3,12665,3,3
194,0,22823,4,3
195,1,20523,4,3
196,2,21625,4,3
197,0,12622,5,3
198,1,1119,5,3
199,2,22446,5,3
200,0,20532,6,3
201,1,20665,6,3
202,0,20665,7,3
203,1,14710,7,3
204,0,22852,8,3
205,1,22436,8,3
206,0,21649,9,3
207,1,1119,9,3
208,2,1130,9,3
209,0,21517,10,3
210,1,12596,10,3
211,2,14896,10,3
212,0,20984,11,3
213,1,10737,11,3
214,2,12596,11,3
215,0,20548,12,3
216,1,12336,12,3
217,2,2548,12,3
218,3,17834,12,3
219,4,17742,12,3
220,0,23015,13,3
221,1,22412,13,3
222,2,14896,13,3
223,0,22192,14,3
224,1,1317,14,3
225,2,14911,14,3
226,0,12781,15,3
227,1,23015,15,3
228,2,14911,15,3
229,0,12609,16,3
230,1,22487,16,3
231,2,22257,16,3
232,3,1248,16,3
233,0,21663,17,3
234,1,14958,17,3
235,2,21412,17,3
236,0,20622,18,3
237,1,14958,18,3
238,2,21412,18,3
239,0,21170,19,3
240,0,11938,20,3
241,0,196,21,3
242,1,20734,21,3
243,0,196,22,3
244,1,22074,22,3
245,0,21170,23,3
246,0,13039,24,3
247,0,22054,25,3
248,1,20734,25,3
249,2,14626,25,3
250,0,14626,26,3
251,1,22054,26,3
252,2,20734,26,3
253,0,22074,27,3
254,1,12579,27,3
255,0,21517,28,3
256,1,10737,28,3
257,2,14896,28,3
258,0,20984,29,3
259,1,10737,29,3
260,2,12596,29,3
261,0,20548,30,3
262,1,12336,30,3
263,2,2548,30,3
264,0,12781,31,3
265,1,22192,31,3
266,2,23015,31,3
267,0,13348,32,3
268,1,21412,32,3
269,2,1248,32,3
270,0,14609,0,4
271,1,20381,0,4
272,2,21559,0,4
273,0,21581,1,4
274,1,23347,1,4
275,2,14625,1,4
276,3,22052,1,4
277,0,2431,2,4
278,0,13087,3,4
279,1,22767,3,4
280,2,1160,3,4
281,3,14647,3,4
282,4,20501,3,4
283,0,21092,4,4
284,1,22346,4,4
285,2,23348,4,4
286,0,12545,5,4
287,1,1333,5,4
288,0,20400,6,4
289,1,20789,6,4
290,0,22435,7,4
291,1,22875,7,4
292,0,21842,8,4
293,1,23358,8,4
294,0,13116,9,4
295,1,21116,9,4
296,0,20419,10,4
297,1,22455,10,4
298,0,13356,11,4
299,1,22303,11,4
300,0,12824,12,4
301,1,21341,12,4
302,0,22142,13,4
303,1,14764,13,4
304,2,22975,13,4
305,0,20692,14,4
306,1,20881,14,4
307,2,21273,14,4
308,3,22975,14,4
309,0,21684,15,4
310,1,1397,15,4
311,2,14764,15,4
312,0,21764,16,4
313,1,22218,16,4
314,2,14954,16,4
315,3,22236,16,4
316,4,13467,16,4
317,0,21267,17,4
318,1,22623,17,4
319,2,22452,17,4
320,0,21414,18,4
321,1,23034,18,4
322,0,12405,19,4
323,0,17818,20,4
324,0,22767,21,4
325,1,13467,21,4
326,2,23347,21,4
327,0,22767,22,4
328,1,13467,22,4
329,0,12405,23,4
330,0,22665,24,4
331,0,21581,25,4
332,1,23347,25,4
333,2,14625,25,4
334,0,21581,26,4
335,1,14625,26,4
336,2,22052,26,4
337,0,1160,27,4
338,1,20501,27,4
339,0,22142,28,4
340,1,1397,28,4
341,2,14764,28,4
342,0,21684,29,4
343,1,14764,29,4
344,2,1397,29,4
345,0,20419,30,4
346,1,13356,30,4
347,2,12824,30,4
348,0,20692,31,4
349,1,20881,31,4
350,2,21273,31,4
351,0,22267,32,4
352,1,14954,32,4
353,0,12561,0,5
354,1,19982,0,5
355,2,22727,0,5
356,0,13129,1,5
357,1,22324,1,5
358,2,12569,1,5
359,3,13268,1,5
360,0,20940,3,5
361,1,21599,3,5
362,2,22771,3,5
363,3,22479,3,5
364,4,22070,3,5
365,5,14662,3,5
366,0,12532,4,5
367,1,13327,4,5
368,2,2680,4,5
369,0,20968,5,5
370,1,17673,5,5
371,2,21108,5,5
372,0,10831,6,5
373,1,13899,6,5
374,2,14711,6,5
375,0,12644,7,5
376,1,21110,7,5
377,2,22856,7,5
378,0,13208,8,5
379,1,13899,8,5
380,2,14711,8,5
381,0,17663,9,5
382,1,22855,9,5
383,2,13216,9,5
384,0,13090,10,5
385,1,22406,10,5
386,2,22312,10,5
387,0,12520,11,5
388,1,22971,11,5
389,2,22313,11,5
390,0,12595,12,5
391,1,2099,12,5
392,2,13086,12,5
393,3,14865,12,5
394,4,1165,12,5
395,0,22980,13,5
396,1,14921,13,5
397,0,2563,14,5
398,1,20583,14,5
399,2,1395,14,5
400,0,21500,15,5
401,1,20583,15,5
402,2,21146,15,5
403,0,13101,16,5
404,1,21457,16,5
405,2,22258,16,5
406,3,13881,16,5
407,4,23042,16,5
408,0,20456,17,5
409,1,22710,17,5
410,2,22518,17,5
411,0,21019,18,5
412,1,11813,18,5
413,2,22518,18,5
414,0,11941,19,5
415,0,13684,20,5
416,0,22324,21,5
417,1,22061,21,5
418,2,21082,21,5
419,0,21082,22,5
420,1,21599,22,5
421,2,22061,22,5
422,0,11941,23,5
423,0,2769,24,5
424,1,21311,24,5
425,0,22324,25,5
426,1,13129,25,5
427,2,13268,25,5
428,0,13129,26,5
429,1,12569,26,5
430,2,22324,26,5
431,0,20940,27,5
432,1,21082,27,5
433,2,14662,27,5
434,0,13090,28,5
435,1,22406,28,5
436,2,22312,28,5
437,0,12520,29,5
438,1,22971,29,5
439,2,22312,29,5
440,0,12595,30,5
441,1,2099,30,5
442,2,13086,30,5
443,0,21500,31,5
444,1,2563,31,5
445,2,20583,31,5
446,0,21457,32,5
447,1,23042,32,5
448,2,13380,32,5
449,0,13117,0,6
450,1,21558,0,6
451,0,14624,1,6
452,1,22056,1,6
453,2,13341,1,6
454,3,22735,1,6
455,0,22483,2,6
456,1,13091,2,6
457,0,10857,3,6
458,1,12614,3,6
459,2,17592,3,6
460,3,22776,3,6
461,4,14660,3,6
462,5,22773,3,6
463,0,22091,4,6
464,1,22483,4,6
465,2,22844,4,6
466,0,20971,5,6
467,1,20732,5,6
468,0,21109,6,6
469,1,21647,6,6
470,2,1126,6,6
471,0,14703,7,6
472,1,21643,7,6
473,2,21109,7,6
474,0,22858,8,6
475,1,1126,8,6
476,2,20666,8,6
477,0,22112,9,6
478,1,20732,9,6
479,0,22180,10,6
480,1,11882,10,6
481,2,22675,10,6
482,0,22924,11,6
483,1,22675,11,6
484,0,13091,12,6
485,1,20408,12,6
486,0,20439,13,6
487,1,21519,13,6
488,2,23140,13,6
489,0,11306,14,6
490,1,21676,14,6
491,2,23003,14,6
492,3,22669,14,6
493,0,22952,15,6
494,1,2780,15,6
495,2,14895,15,6
496,0,20703,16,6
497,1,22285,16,6
498,2,21263,16,6
499,3,23266,16,6
500,4,1290,16,6
501,0,21017,17,6
502,1,23287,17,6
503,2,13498,17,6
504,0,13179,18,6
505,1,14949,18,6
506,2,20457,18,6
507,0,20873,19,6
508,0,1489,20,6
509,0,14624,21,6
510,1,22735,21,6
511,0,22776,22,6
512,1,14660,22,6
513,0,1489,23,6
514,1,20873,23,6
515,0,1374,24,6
516,0,14624,25,6
517,1,22056,25,6
518,2,13341,25,6
519,0,22056,26,6
520,1,22735,26,6
521,0,12614,27,6
522,1,17592,27,6
523,2,28419,27,6
524,0,20439,28,6
525,1,21519,28,6
526,2,23140,28,6
527,0,22952,29,6
528,1,2780,29,6
529,2,14895,29,6
530,0,13091,30,6
531,1,22924,30,6
532,2,11882,30,6
533,0,11306,31,6
534,1,21676,31,6
535,2,23003,31,6
536,0,23287,32,6
537,1,14949,32,6
538,2,13498,32,6
539,0,20430,0,7
540,1,22722,0,7
541,0,12664,1,7
542,1,14622,1,7
543,2,23339,1,7
544,3,20922,1,7
545,0,14643,3,7
546,1,22810,3,7
547,2,12564,3,7
548,3,12997,3,7
549,4,183,3,7
550,0,22093,4,7
551,1,1072,4,7
552,2,22779,4,7
553,0,22699,5,7
554,1,20530,5,7
555,2,21183,5,7
556,0,13670,6,7
557,1,14716,6,7
558,0,20377,7,7
559,1,23123,7,7
560,2,13670,7,7
561,0,13114,8,7
562,1,20978,8,7
563,0,11673,9,7
564,1,20530,9,7
565,2,14740,9,7
566,0,20422,10,7
567,1,13424,10,7
568,2,21880,10,7
569,0,13210,11,7
570,1,22960,11,7
571,2,14872,11,7
572,0,21929,12,7
573,1,21891,12,7
574,0,21495,13,7
575,1,21677,13,7
576,2,22701,13,7
577,0,13194,14,7
578,1,20582,14,7
579,2,21409,14,7
580,3,22999,14,7
581,0,21282,15,7
582,1,14890,15,7
583,2,13610,15,7
584,0,20608,16,7
585,1,23078,16,7
586,2,14953,16,7
587,3,23028,16,7
588,4,23054,16,7
589,0,20813,17,7
590,1,15000,17,7
591,2,22604,17,7
592,0,12549,18,7
593,1,15000,18,7
594,2,23045,18,7
595,0,28229,19,7
596,1,23110,19,7
597,0,21407,20,7
598,1,12402,20,7
599,0,20922,21,7
600,1,20574,21,7
601,0,20574,22,7
602,1,20922,22,7
603,0,28229,23,7
604,1,23110,23,7
605,0,11836,24,7
606,0,12664,25,7
607,1,14622,25,7
608,2,20922,25,7
609,0,12664,26,7
610,1,14622,26,7
611,2,23339,26,7
612,0,20574,27,7
613,1,12997,27,7
614,0,21495,28,7
615,1,21677,28,7
616,2,20582,28,7
617,0,21282,29,7
618,1,14890,29,7
619,2,13610,29,7
620,0,20422,30,7
621,1,13210,30,7
622,2,22960,30,7
623,0,13194,31,7
624,1,20582,31,7
625,2,21409,31,7
626,0,23028,32,7
627,1,23054,32,7
628,0,21034,0,8
629,1,2392,0,8
630,2,20335,0,8
631,0,20926,1,8
632,1,13703,1,8
633,2,22053,1,8
634,3,14637,1,8
635,0,23268,2,8
636,0,21615,3,8
637,1,22695,3,8
638,2,13255,3,8
639,3,22819,3,8
640,4,20938,3,8
641,5,21742,3,8
642,0,13392,4,8
643,1,13256,4,8
644,2,22557,4,8
645,0,21541,5,8
646,1,22116,5,8
647,2,21848,5,8
648,0,22115,6,8
649,1,20833,6,8
650,0,13133,7,8
651,1,21653,7,8
652,2,20833,7,8
653,0,20678,8,8
654,1,22116,8,8
655,0,14694,9,8
656,1,20678,9,8
657,2,21848,9,8
658,0,12512,10,8
659,1,14873,10,8
660,0,22172,11,8
661,1,23268,11,8
662,0,13199,12,8
663,1,21435,12,8
664,0,17537,13,8
665,1,22922,13,8
666,2,21923,13,8
667,0,2560,14,8
668,1,23000,14,8
669,2,14905,14,8
670,3,21904,14,8
671,0,12344,15,8
672,1,2532,15,8
673,2,21923,15,8
674,0,21459,16,8
675,1,21259,16,8
676,2,1087,16,8
677,3,14960,16,8
678,4,22283,16,8
679,0,21016,17,8
680,1,21660,17,8
681,2,9879,17,8
682,0,13080,18,8
683,1,21660,18,8
684,2,9879,18,8
685,0,22392,19,8
686,0,13436,20,8
687,0,22819,21,8
688,1,14651,21,8
689,0,22819,22,8
690,1,14651,22,8
691,0,22392,23,8
692,0,11807,24,8
693,0,20926,25,8
694,1,13703,25,8
695,2,14637,25,8
696,0,13703,26,8
697,1,20926,26,8
698,2,22053,26,8
699,0,14651,27,8
700,1,22819,27,8
701,0,17537,28,8
702,1,2532,28,8
703,2,22922,28,8
704,0,12344,29,8
705,1,2532,29,8
706,2,22922,29,8
707,0,13199,30,8
708,1,12512,30,8
709,2,22172,30,8
710,0,2560,31,8
711,1,23000,31,8
712,2,14905,31,8
713,0,1087,32,8
714,0,12635,0,9
715,1,17543,0,9
716,0,22334,1,9
717,1,12633,1,9
718,2,12627,1,9
719,3,15014,1,9
720,0,22765,3,9
721,1,506,3,9
722,2,20497,3,9
723,3,14650,3,9
724,4,12571,3,9
725,5,13322,3,9
726,0,890,4,9
727,1,21810,4,9
728,2,22473,4,9
729,0,17777,5,9
730,1,2500,5,9
731,2,22869,5,9
732,0,22609,6,9
733,1,1169,6,9
734,0,21551,7,9
735,1,15025,7,9
736,0,21648,8,9
737,1,1169,8,9
738,2,22609,8,9
739,0,20534,9,9
740,1,14705,9,9
741,2,14737,9,9
742,0,22140,10,9
743,1,22916,10,9
744,2,21685,10,9
745,0,21231,11,9
746,1,20403,11,9
747,2,20990,11,9
748,0,17676,12,9
749,1,13136,12,9
750,2,21238,12,9
751,3,2276,12,9
752,4,21528,12,9
753,0,22458,13,9
754,1,22521,13,9
755,0,21474,14,9
756,1,22521,14,9
757,0,20444,15,9
758,1,22458,15,9
759,2,23020,15,9
760,0,22265,16,9
761,1,22242,16,9
762,2,22217,16,9
763,3,22495,16,9
764,4,21706,16,9
765,0,22234,17,9
766,1,1251,17,9
767,0,13167,18,9
768,1,14951,18,9
769,0,12863,19,9
770,1,1416,19,9
771,2,13167,19,9
772,0,22388,20,9
773,0,20508,21,9
774,1,12627,21,9
775,2,15014,21,9
776,0,22798,22,9
777,1,20508,22,9
778,2,14650,22,9
779,0,13167,23,9
780,1,12863,23,9
781,2,22388,23,9
782,0,2725,24,9
783,0,12627,25,9
784,1,22334,25,9
785,2,12633,25,9
786,0,12633,26,9
787,1,22334,26,9
788,2,15014,26,9
789,0,14650,27,9
790,1,12571,27,9
791,2,22362,27,9
792,0,22140,28,9
793,1,20990,28,9
794,2,22916,28,9
795,0,21231,29,9
796,1,20403,29,9
797,2,20990,29,9
798,0,17676,30,9
799,1,21238,30,9
800,2,2276,30,9
801,0,21474,31,9
802,1,20444,31,9
803,2,22458,31,9
804,0,23060,32,9
805,1,1251,32,9
806,0,22689,0,10
807,1,28329,0,10
808,2,21554,0,10
809,0,20928,1,10
810,1,21631,1,10
811,2,22325,1,10
812,0,21081,3,10
813,1,22085,3,10
814,2,22763,3,10
815,3,14649,3,10
816,4,20649,3,10
817,5,15019,3,10
818,0,13872,4,10
819,1,22351,4,10
820,2,21624,4,10
821,0,22132,5,10
822,1,22851,5,10
823,0,13081,6,10
824,1,21337,6,10
825,0,17679,7,10
826,1,14741,7,10
827,2,22558,7,10
828,0,21831,8,10
829,1,2520,8,10
830,2,1338,8,10
831,0,13124,9,10
832,1,14714,9,10
833,2,22851,9,10
834,0,21692,10,10
835,1,12834,10,10
836,2,22986,10,10
837,0,21884,11,10
838,1,13232,11,10
839,2,14750,11,10
840,0,17542,12,10
841,1,12835,12,10
842,2,13096,12,10
843,3,21287,12,10
844,4,22928,12,10
845,0,21682,13,10
846,1,23330,13,10
847,0,13480,14,10
848,1,23330,14,10
849,0,20730,15,10
850,1,1089,15,10
851,2,21499,15,10
852,0,12965,16,10
853,1,23032,16,10
854,2,23062,16,10
855,3,22486,16,10
856,4,20605,16,10
857,0,22398,17,10
858,1,22492,17,10
859,2,23085,17,10
860,0,21269,18,10
861,1,13163,18,10
862,2,22565,18,10
863,0,20715,19,10
864,0,12930,20,10
865,0,15019,21,10
866,1,22763,21,10
867,0,22763,22,10
868,1,15019,22,10
869,0,20715,23,10
870,1,12930,23,10
871,0,12504,24,10
872,0,20928,25,10
873,1,22325,25,10
874,2,21631,25,10
875,0,20928,26,10
876,1,21631,26,10
877,2,22325,26,10
878,0,22763,27,10
879,1,15019,27,10
880,2,20736,27,10
881,0,21884,28,10
882,1,21692,28,10
883,2,12834,28,10
884,0,14750,29,10
885,1,13232,29,10
886,2,12834,29,10
887,0,17542,30,10
888,1,13096,30,10
889,2,21287,30,10
890,0,13480,31,10
891,1,20730,31,10
892,2,21682,31,10
893,0,12965,32,10
894,0,17567,0,11
895,1,12931,0,11
896,2,21555,0,11
897,0,21039,1,11
898,1,22748,1,11
899,0,22755,2,11
900,0,20932,3,11
901,1,10847,3,11
902,2,22088,3,11
903,3,22599,3,11
904,4,22770,3,11
905,5,23118,3,11
906,0,22094,4,11
907,1,22843,4,11
908,2,1332,4,11
909,0,14701,5,11
910,1,20366,5,11
911,2,23141,5,11
912,0,22445,6,11
913,1,22890,6,11
914,2,22426,6,11
915,0,14708,7,11
916,1,22426,7,11
917,2,22890,7,11
918,0,12348,8,11
919,1,22426,8,11
920,2,22890,8,11
921,0,21104,9,11
922,1,20366,9,11
923,2,22113,9,11
924,0,11079,10,11
925,1,21874,10,11
926,2,23151,10,11
927,0,14868,11,11
928,1,22150,11,11
929,2,12575,11,11
930,0,21508,12,11
931,1,22931,12,11
932,2,12599,12,11
933,3,9870,12,11
934,4,14877,12,11
935,0,21476,13,11
936,1,14906,13,11
937,2,23151,13,11
938,0,2559,14,11
939,1,17765,14,11
940,2,21901,14,11
941,3,21421,14,11
942,0,22997,15,11
943,1,14906,15,11
944,2,22185,15,11
945,0,21260,16,11
946,1,22485,16,11
947,2,12555,16,11
948,3,14945,16,11
949,4,1448,16,11
950,0,12527,17,11
951,1,21456,17,11
952,0,20713,18,11
953,1,22229,18,11
954,2,22400,18,11
955,0,23329,19,11
956,0,11594,20,11
957,0,22599,21,11
958,1,22400,21,11
959,2,22748,21,11
960,0,22599,22,11
961,1,22748,22,11
962,0,23329,23,11
963,0,13645,24,11
964,0,21039,25,11
965,1,22599,25,11
966,2,22748,25,11
967,0,21039,26,11
968,1,22755,26,11
969,0,20932,27,11
970,1,22599,27,11
971,0,21476,28,11
972,1,12575,28,11
973,2,14868,28,11
974,0,11079,29,11
975,1,21874,29,11
976,2,14868,29,11
977,0,21508,30,11
978,1,12599,30,11
979,2,21874,30,11
980,0,2559,31,11
981,1,22997,31,11
982,2,14906,31,11
983,0,12555,32,11
984,1,21456,32,11
985,0,20916,0,12
986,1,21029,0,12
987,0,22692,1,12
988,1,2832,1,12
989,2,13363,1,12
990,3,14632,1,12
991,0,20390,2,12
992,0,17838,3,12
993,1,21760,3,12
994,2,13377,3,12
995,3,13835,3,12
996,4,14665,3,12
997,5,15017,3,12
998,0,12700,4,12
999,1,13291,4,12
1000,2,23351,4,12
1001,0,964,5,12
1002,1,14702,5,12
1003,2,21864,5,12
1004,0,21644,6,12
1005,1,13118,6,12
1006,2,23349,6,12
1007,0,21365,7,12
1008,1,21650,7,12
1009,2,1346,7,12
1010,0,21650,8,12
1011,1,13118,8,12
1012,0,20965,9,12
1013,1,14702,9,12
1014,2,2807,9,12
1015,0,13481,10,12
1016,1,13241,10,12
1017,0,28363,11,12
1018,1,13390,11,12
1019,0,21132,12,12
1020,1,13241,12,12
1021,0,21512,13,12
1022,1,17686,13,12
1023,2,20743,13,12
1024,0,21316,14,12
1025,1,20597,14,12
1026,2,12598,14,12
1027,3,12617,14,12
1028,0,13079,15,12
1029,1,14753,15,12
1030,2,12619,15,12
1031,0,17538,16,12
1032,1,17668,16,12
1033,2,22638,16,12
1034,3,22708,16,12
1035,4,1348,16,12
1036,0,21470,17,12
1037,1,13522,17,12
1038,2,23091,17,12
1039,0,12280,18,12
1040,1,13522,18,12
1041,2,23091,18,12
1042,0,13478,19,12
1043,0,20480,20,12
1044,0,21614,21,12
1045,1,14665,21,12
1046,2,22692,21,12
1047,0,14665,22,12
1048,1,21614,22,12
1049,0,13478,23,12
1050,0,21097,24,12
1051,1,10983,24,12
1052,0,22692,25,12
1053,1,2832,25,12
1054,2,14632,25,12
1055,0,2832,26,12
1056,1,14632,26,12
1057,2,13363,26,12
1058,0,17838,27,12
1059,1,14665,27,12
1060,0,21512,28,12
1061,1,17686,28,12
1062,2,20743,28,12
1063,0,13079,29,12
1064,1,14753,29,12
1065,2,12619,29,12
1066,0,28363,30,12
1067,1,13481,30,12
1068,2,17686,30,12
1069,0,21316,31,12
1070,1,20597,31,12
1071,2,12598,31,12
1072,0,22638,32,12
1073,1,13323,32,12
1074,0,21033,0,13
1075,1,22046,0,13
1076,2,22712,0,13
1077,0,13085,1,13
1078,1,21571,1,13
1079,2,14630,1,13
1080,0,20495,3,13
1081,1,21761,3,13
1082,2,22073,3,13
1083,3,14658,3,13
1084,4,20355,3,13
1085,5,14664,3,13
1086,0,13128,4,13
1087,1,22101,4,13
1088,2,2496,4,13
1089,0,13479,5,13
1090,1,20664,5,13
1091,2,22114,5,13
1092,0,21642,6,13
1093,1,22882,6,13
1094,2,14744,6,13
1095,0,22273,7,13
1096,1,13364,7,13
1097,2,21177,7,13
1098,0,20969,8,13
1099,1,22882,8,13
1100,2,14744,8,13
1101,0,927,9,13
1102,1,20664,9,13
1103,2,17662,9,13
1104,0,22703,10,13
1105,1,22173,10,13
1106,2,22927,10,13
1107,0,21920,11,13
1108,1,22936,11,13
1109,2,22927,11,13
1110,0,22164,12,13
1111,1,22173,12,13
1112,0,9837,13,13
1113,1,22700,13,13
1114,2,21239,13,13
1115,0,21142,14,13
1116,1,22402,14,13
1117,2,13196,14,13
1118,3,14903,14,13
1119,0,13259,15,13
1120,1,22700,15,13
1121,2,1076,15,13
1122,0,1426,16,13
1123,1,14932,16,13
1124,2,24432,16,13
1125,3,22707,16,13
1126,4,23027,16,13
1127,0,21792,17,13
1128,1,22509,17,13
1129,2,13332,17,13
1130,0,20621,18,13
1131,1,17825,18,13
1132,2,23081,18,13
1133,0,12809,19,13
1134,0,21171,20,13
1135,0,22507,21,13
1136,1,21571,21,13
1137,2,24432,21,13
1138,3,14630,21,13
1139,0,22507,22,13
1140,1,14923,22,13
1141,2,24432,22,13
1142,0,12809,23,13
1143,0,2898,24,13
1144,0,13085,25,13
1145,1,21571,25,13
1146,2,14630,25,13
1147,0,13085,26,13
1148,1,21571,26,13
1149,2,14630,26,13
1150,0,21761,27,13
1151,1,20355,27,13
1152,2,14664,27,13
1153,0,22700,28,13
1154,1,21239,28,13
1155,2,9837,28,13
1156,0,13259,29,13
1157,1,21142,29,13
1158,2,1076,29,13
1159,0,22703,30,13
1160,1,21920,30,13
1161,2,22164,30,13
1162,0,21142,31,13
1163,1,22402,31,13
1164,2,13196,31,13
1165,0,14923,32,13
1166,1,13332,32,13
1167,0,14608,0,14
1168,1,11215,0,14
1169,0,22690,1,14
1170,1,22315,1,14
1171,2,1569,1,14
1172,3,14642,1,14
1173,0,22068,3,14
1174,1,21324,3,14
1175,2,21600,3,14
1176,3,13362,3,14
1177,4,13870,3,14
1178,5,1098,3,14
1179,0,21565,4,14
1180,1,21327,4,14
1181,2,13740,4,14
1182,0,12349,5,14
1183,1,13013,5,14
1184,2,13425,5,14
1185,0,22878,6,14
1186,1,13028,6,14
1187,0,21547,7,14
1188,1,21846,7,14
1189,0,20369,8,14
1190,1,24426,8,14
1191,0,20362,9,14
1192,1,13013,9,14
1193,2,13425,9,14
1194,0,17829,10,14
1195,1,22920,10,14
1196,2,21520,10,14
1197,0,2549,11,14
1198,1,14768,11,14
1199,2,14850,11,14
1200,0,2546,12,14
1201,1,13441,12,14
1202,0,13156,13,14
1203,1,22147,13,14
1204,2,21235,13,14
1205,0,20749,14,14
1206,1,22409,14,14
1207,2,22194,14,14
1208,3,14915,14,14
1209,0,17728,15,14
1210,1,22152,15,14
1211,2,14754,15,14
1212,0,21002,16,14
1213,1,13148,16,14
1214,2,23035,16,14
1215,3,12418,16,14
1216,4,12603,16,14
1217,0,13202,17,14
1218,1,21669,17,14
1219,2,23050,17,14
1220,0,17758,18,14
1221,1,21669,18,14
1222,2,22647,18,14
1223,0,12936,19,14
1224,1,21637,19,14
1225,0,2604,20,14
1226,0,13362,21,14
1227,1,21709,21,14
1228,0,21709,22,14
1229,1,23035,22,14
1230,0,2604,23,14
1231,1,12936,23,14
1232,0,22504,24,14
1233,1,12349,24,14
1234,0,22690,25,14
1235,1,22315,25,14
1236,2,21709,25,14
1237,0,22690,26,14
1238,1,22315,26,14
1239,2,1569,26,14
1240,0,13362,27,14
1241,1,13870,27,14
1242,0,22147,28,14
1243,1,13156,28,14
1244,2,13532,28,14
1245,0,17728,29,14
1246,1,13156,29,14
1247,2,22152,29,14
1248,0,2549,30,14
1249,1,17829,30,14
1250,2,22920,30,14
1251,0,20749,31,14
1252,1,22409,31,14
1253,2,22194,31,14
1254,0,22628,32,14
1255,1,1444,32,14
1256,0,22383,0,15
1257,1,12708,0,15
1258,2,17606,0,15
1259,0,12556,1,15
1260,1,22332,1,15
1261,2,21629,1,15
1262,3,15012,1,15
1263,0,1599,2,15
1264,0,21069,3,15
1265,1,20348,3,15
1266,2,21073,3,15
1267,3,14657,3,15
1268,4,2449,3,15
1269,5,14663,3,15
1270,0,12836,4,15
1271,1,12711,4,15
1272,2,22619,4,15
1273,0,9800,5,15
1274,1,21656,5,15
1275,2,21111,5,15
1276,0,21544,6,15
1277,1,20975,6,15
1278,2,22136,6,15
1279,0,17912,7,15
1280,1,2612,7,15
1281,2,21100,7,15
1282,0,14713,8,15
1283,1,20975,8,15
1284,2,22136,8,15
1285,0,21115,9,15
1286,1,21111,9,15
1287,0,20565,10,15
1288,1,22310,10,15
1289,2,22981,10,15
1290,0,17554,11,15
1291,1,20995,11,15
1292,2,22661,11,15
1293,0,17670,12,15
1294,1,20682,12,15
1295,2,17738,12,15
1296,3,14892,12,15
1297,4,20981,12,15
1298,0,21403,13,15
1299,1,14922,13,15
1300,0,13203,14,15
1301,1,21403,14,15
1302,2,23057,14,15
1303,3,21907,14,15
1304,0,20475,15,15
1305,1,23001,15,15
1306,2,23057,15,15
1307,0,13507,16,15
1308,1,21454,16,15
1309,2,13245,16,15
1310,3,14985,16,15
1311,4,20451,16,15
1312,0,23058,17,15
1313,1,11818,17,15
1314,0,21488,18,15
1315,1,14962,18,15
1316,2,13713,18,15
1317,0,23107,19,15
1318,0,20481,20,15
1319,1,2002,20,15
1320,0,20348,21,15
1321,1,15012,21,15
1322,0,14657,22,15
1323,1,14663,22,15
1324,0,23107,23,15
1325,1,20481,23,15
1326,2,2002,23,15
1327,0,13003,24,15
1328,0,12556,25,15
1329,1,20348,25,15
1330,2,21629,25,15
1331,0,12556,26,15
1332,1,22332,26,15
1333,2,21629,26,15
1334,0,21073,27,15
1335,1,14657,27,15
1336,0,20565,28,15
1337,1,22310,28,15
1338,2,22981,28,15
1339,0,17554,29,15
1340,1,20995,29,15
1341,2,22661,29,15
1342,0,17670,30,15
1343,1,17738,30,15
1344,2,20981,30,15
1345,0,13203,31,15
1346,1,20475,31,15
1347,2,21403,31,15
1348,0,21454,32,15
1349,1,21992,32,15
1350,0,20328,0,16
1351,1,23368,0,16
1352,2,13690,0,16
1353,0,15010,1,16
1354,1,20491,1,16
1355,2,22736,1,16
1356,0,14644,3,16
1357,1,20655,3,16
1358,2,22696,3,16
1359,3,22368,3,16
1360,4,22795,3,16
1361,5,21605,3,16
1362,0,22102,4,16
1363,1,12426,4,16
1364,2,22344,4,16
1365,0,20964,5,16
1366,1,2254,5,16
1367,2,22440,5,16
1368,0,21179,6,16
1369,1,13804,6,16
1370,0,22853,7,16
1371,1,13588,7,16
1372,0,11842,8,16
1373,1,1365,8,16
1374,0,12600,9,16
1375,1,22441,9,16
1376,2,2254,9,16
1377,0,22965,10,16
1378,1,22306,10,16
1379,2,22562,10,16
1380,0,2688,11,16
1381,1,20564,11,16
1382,2,22540,11,16
1383,0,20552,12,16
1384,1,23280,12,16
1385,2,22177,12,16
1386,0,22139,13,16
1387,1,21509,13,16
1388,2,21879,13,16
1389,0,20425,14,16
1390,1,22191,14,16
1391,2,14918,14,16
1392,3,13473,14,16
1393,0,20566,15,16
1394,1,21896,15,16
1395,0,23052,16,16
1396,1,22259,16,16
1397,2,12563,16,16
1398,3,13140,16,16
1399,4,23270,16,16
1400,0,21701,17,16
1401,1,23070,17,16
1402,2,21211,17,16
1403,0,14931,18,16
1404,1,21000,18,16
1405,2,22396,18,16
1406,0,28887,19,16
1407,0,20794,20,16
1408,0,21605,21,16
1409,1,15010,21,16
1410,2,20843,21,16
1411,0,21605,22,16
1412,1,15010,22,16
1413,2,20843,22,16
1414,0,28887,23,16
1415,0,17900,24,16
1416,0,15010,25,16
1417,1,20491,25,16
1418,2,22736,25,16
1419,0,20491,26,16
1420,1,15010,26,16
1421,2,22736,26,16
1422,0,22368,27,16
1423,1,21605,27,16
1424,2,20843,27,16
1425,0,22139,28,16
1426,1,21509,28,16
1427,2,21879,28,16
1428,0,20566,29,16
1429,1,21896,29,16
1430,0,2688,30,16
1431,1,22965,30,16
1432,2,22562,30,16
1433,0,20425,31,16
1434,1,21000,31,16
1435,2,22191,31,16
1436,0,14968,32,16
1437,1,21000,32,16
1438,0,21553,0,17
1439,1,21763,0,17
1440,2,12652,0,17
1441,0,21721,1,17
1442,1,22733,1,17
1443,2,20799,1,17
1444,3,22761,1,17
1445,0,14648,3,17
1446,1,13186,3,17
1447,2,20935,3,17
1448,3,21071,3,17
1449,4,22766,3,17
1450,5,12662,3,17
1451,0,12589,4,17
1452,1,22842,4,17
1453,2,21808,4,17
1454,0,21538,5,17
1455,1,14717,5,17
1456,0,20966,6,17
1457,1,21479,6,17
1458,0,2522,7,17
1459,1,22425,7,17
1460,0,2497,8,17
1461,1,23275,8,17
1462,0,22850,9,17
1463,1,21932,9,17
1464,0,22305,10,17
1465,1,2533,10,17
1466,2,14891,10,17
1467,0,20410,11,17
1468,1,2533,11,17
1469,2,22403,11,17
1470,0,21122,12,17
1471,1,22962,12,17
1472,2,14859,12,17
1473,3,14881,12,17
1474,4,12851,12,17
1475,0,22186,13,17
1476,1,22984,13,17
1477,0,22183,14,17
1478,1,22202,14,17
1479,2,20584,14,17
1480,0,13468,15,17
1481,1,22183,15,17
1482,2,21985,15,17
1483,0,21696,16,17
1484,1,2579,16,17
1485,2,22256,16,17
1486,3,1090,16,17
1487,4,14956,16,17
1488,0,21466,17,17
1489,1,20631,17,17
1490,0,22709,18,17
1491,1,21353,18,17
1492,0,15006,19,17
1493,0,13484,20,17
1494,0,21071,21,17
1495,1,22766,21,17
1496,2,22733,21,17
1497,0,21071,22,17
1498,1,22766,22,17
1499,2,22607,22,17
1500,0,15006,23,17
1501,1,13484,23,17
1502,0,21400,24,17
1503,0,21721,25,17
1504,1,22733,25,17
1505,2,20799,25,17
1506,0,22733,26,17
1507,1,20799,26,17
1508,2,21721,26,17
1509,0,22766,27,17
1510,0,22305,28,17
1511,1,22962,28,17
1512,2,22984,28,17
1513,0,20410,29,17
1514,1,14891,29,17
1515,2,22403,29,17
1516,0,2533,30,17
1517,1,14859,30,17
1518,2,12851,30,17
1519,0,13468,31,17
1520,1,22183,31,17
1521,2,22202,31,17
1522,0,20458,32,17
1523,1,14956,32,17
1524,0,26668,0,18
1525,1,10583,0,18
1526,2,14613,0,18
1527,0,22326,1,18
1528,1,14631,1,18
1529,2,22754,1,18
1530,3,21729,1,18
1531,0,10823,3,18
1532,1,22376,3,18
1533,2,13260,3,18
1534,3,22815,3,18
1535,4,14659,3,18
1536,5,21394,3,18
1537,0,13336,4,18
1538,1,22090,4,18
1539,2,21627,4,18
1540,0,10653,5,18
1541,1,14695,5,18
1542,2,22866,5,18
1543,0,21103,6,18
1544,1,17847,6,18
1545,2,21295,6,18
1546,0,22876,7,18
1547,1,22429,7,18
1548,0,21552,8,18
1549,1,17847,8,18
1550,2,21295,8,18
1551,0,12361,9,18
1552,1,22106,9,18
1553,0,22919,10,18
1554,1,22162,10,18
1555,2,14882,10,18
1556,0,22162,11,18
1557,1,12560,11,18
1558,2,14884,11,18
1559,0,20547,12,18
1560,1,21133,12,18
1561,2,12526,12,18
1562,3,21121,12,18
1563,4,22167,12,18
1564,0,20834,13,18
1565,1,21478,13,18
1566,0,12362,14,18
1567,1,21924,14,18
1568,2,23265,14,18
1569,3,21791,14,18
1570,0,20728,15,18
1571,1,21924,15,18
1572,2,21917,15,18
1573,0,22260,16,18
1574,1,13159,16,18
1575,2,21786,16,18
1576,3,20612,16,18
1577,4,1096,16,18
1578,0,22642,17,18
1579,1,21152,17,18
1580,2,13105,17,18
1581,0,12785,18,18
1582,1,21152,18,18
1583,2,14965,18,18
1584,0,11598,19,18
1585,0,20305,20,18
1586,0,21729,21,18
1587,1,22815,21,18
1588,2,22754,21,18
1589,3,14659,21,18
1590,0,22815,22,18
1591,1,22754,22,18
1592,2,14659,22,18
1593,0,11598,23,18
1594,0,12908,24,18
1595,0,22326,25,18
1596,1,22754,25,18
1597,2,14631,25,18
1598,0,22326,26,18
1599,1,14631,26,18
1600,2,22754,26,18
1601,0,14659,27,18
1602,1,22815,27,18
1603,0,22919,28,18
1604,1,22162,28,18
1605,2,14882,28,18
1606,0,22141,29,18
1607,1,12560,29,18
1608,2,22162,29,18
1609,0,20547,30,18
1610,1,12526,30,18
1611,2,21133,30,18
1612,0,12362,31,18
1613,1,20728,31,18
1614,2,21924,31,18
1615,0,21697,32,18
1616,1,13105,32,18
1617,2,21786,32,18
1618,0,17540,0,19
1619,1,22711,0,19
1620,2,10837,0,19
1621,0,20489,1,19
1622,1,22691,1,19
1623,2,20882,1,19
1624,3,14999,1,19
1625,0,21606,3,19
1626,1,22375,3,19
1627,2,12903,3,19
1628,3,12374,3,19
1629,4,12493,3,19
1630,0,22826,4,19
1631,1,21959,4,19
1632,2,22633,4,19
1633,0,17665,5,19
1634,1,12735,5,19
1635,2,1084,5,19
1636,0,17700,6,19
1637,1,21821,6,19
1638,2,1336,6,19
1639,0,13110,7,19
1640,1,17700,7,19
1641,0,11489,8,19
1642,1,14709,8,19
1643,2,20976,8,19
1644,0,21540,9,19
1645,1,23264,9,19
1646,2,1084,9,19
1647,0,22145,10,19
1648,1,13102,10,19
1649,2,22151,10,19
1650,0,2554,11,19
1651,1,12721,11,19
1652,2,20423,11,19
1653,0,21522,12,19
1654,1,17746,12,19
1655,2,21524,12,19
1656,3,14846,12,19
1657,4,21996,12,19
1658,0,22460,13,19
1659,1,12832,13,19
1660,2,21954,13,19
1661,0,22705,14,19
1662,1,21674,14,19
1663,2,13617,14,19
1664,3,13711,14,19
1665,0,12613,15,19
1666,1,12832,15,19
1667,2,23370,15,19
1668,0,13171,16,19
1669,1,21003,16,19
1670,2,14927,16,19
1671,3,13504,16,19
1672,4,14934,16,19
1673,0,22227,17,19
1674,1,21471,17,19
1675,2,9810,17,19
1676,0,23024,18,19
1677,1,21471,18,19
1678,2,9810,18,19
1679,0,1238,19,19
1680,1,13375,19,19
1681,0,20716,20,19
1682,0,20882,21,19
1683,1,12493,21,19
1684,2,14999,21,19
1685,0,12493,22,19
1686,1,21606,22,19
1687,0,1238,23,19
1688,1,13375,23,19
1689,2,20716,23,19
1690,0,1334,24,19
1691,0,22691,25,19
1692,1,20489,25,19
1693,2,20882,25,19
1694,0,20489,26,19
1695,1,20882,26,19
1696,2,14999,26,19
1697,0,21606,27,19
1698,1,12493,27,19
1699,0,22145,28,19
1700,1,13102,28,19
1701,2,22151,28,19
1702,0,2554,29,19
1703,1,12721,29,19
1704,2,20423,29,19
1705,0,21522,30,19
1706,1,17746,30,19
1707,2,21524,30,19
1708,0,22705,31,19
1709,1,12613,31,19
1710,2,12832,31,19
1711,0,23024,32,19
1712,1,13504,32,19
1713,0,20915,0,20
1714,1,22048,0,20
1715,2,22728,0,20
1716,0,20488,1,20
1717,1,20917,1,20
1718,2,14628,1,20
1719,3,23335,1,20
1720,0,22076,3,20
1721,1,22373,3,20
1722,2,22786,3,20
1723,3,22772,3,20
1724,4,22084,3,20
1725,5,23126,3,20
1726,0,22828,4,20
1727,1,22825,4,20
1728,2,24428,4,20
1729,0,22448,5,20
1730,1,20368,5,20
1731,0,20376,6,20
1732,1,14699,6,20
1733,2,22902,6,20
1734,0,21654,7,20
1735,1,1092,7,20
1736,0,22443,8,20
1737,1,14699,8,20
1738,2,22902,8,20
1739,0,22434,9,20
1740,1,22902,9,20
1741,2,1118,9,20
1742,0,20551,10,20
1743,1,21870,10,20
1744,2,22657,10,20
1745,0,22926,11,20
1746,1,21870,11,20
1747,2,22978,11,20
1748,0,17661,12,20
1749,1,21889,12,20
1750,2,22166,12,20
1751,3,22943,12,20
1752,4,22929,12,20
1753,0,21903,13,20
1754,1,12885,13,20
1755,0,14902,14,20
1756,1,21903,14,20
1757,0,22187,15,20
1758,1,14910,15,20
1759,2,12885,15,20
1760,0,13109,16,20
1761,1,21705,16,20
1762,2,23077,16,20
1763,3,20454,16,20
1764,4,21702,16,20
1765,0,14944,17,20
1766,1,1080,17,20
1767,0,21023,18,20
1768,1,14967,18,20
1769,2,22017,18,20
1770,0,2278,19,20
1771,0,23301,20,20
1772,0,20723,21,20
1773,1,22786,21,20
1774,0,20723,22,20
1775,1,22786,22,20
1776,0,2278,23,20
1777,0,20842,24,20
1778,0,20488,25,20
1779,1,14628,25,20
1780,2,23335,25,20
1781,0,20488,26,20
1782,1,20917,26,20
1783,2,23335,26,20
1784,0,22786,27,20
1785,1,22084,27,20
1786,0,22926,28,20
1787,1,21870,28,20
1788,2,22657,28,20
1789,0,20551,29,20
1790,1,21870,29,20
1791,2,22978,29,20
1792,0,17661,30,20
1793,1,22166,30,20
1794,2,21889,30,20
1795,0,22187,31,20
1796,1,14902,31,20
1797,2,21903,31,20
1798,0,20723,32,20
1799,1,14944,32,20
1800,0,22686,0,21
1801,1,10439,0,21
1802,2,21622,0,21
1803,0,21574,1,21
1804,1,14621,1,21
1805,2,20492,1,21
1806,3,22621,1,21
1807,0,2280,3,21
1808,1,14652,3,21
1809,2,1325,3,21
1810,3,12859,3,21
1811,4,22677,3,21
1812,5,21392,3,21
1813,0,14679,4,21
1814,1,21777,4,21
1815,2,13212,4,21
1816,0,22439,5,21
1817,1,21532,5,21
1818,2,20677,5,21
1819,0,21101,6,21
1820,1,23263,6,21
1821,2,22123,6,21
1822,0,13177,7,21
1823,1,22123,7,21
1824,2,21532,7,21
1825,0,21291,8,21
1826,1,1125,8,21
1827,2,22123,8,21
1828,0,12636,9,21
1829,1,21532,9,21
1830,2,20677,9,21
1831,0,22178,10,21
1832,1,22498,10,21
1833,0,21286,11,21
1834,1,17562,11,21
1835,0,20853,12,21
1836,1,14887,12,21
1837,0,10845,13,21
1838,1,22983,13,21
1839,2,21255,13,21
1840,0,2562,14,21
1841,1,13249,14,21
1842,2,15031,14,21
1843,3,23343,14,21
1844,0,21141,15,21
1845,1,22983,15,21
1846,2,22138,15,21
1847,0,21451,16,21
1848,1,20607,16,21
1849,2,21163,16,21
1850,3,21448,16,21
1851,4,22208,16,21
1852,0,21401,17,21
1853,1,21270,17,21
1854,2,14978,17,21
1855,0,12846,18,21
1856,1,20747,18,21
1857,2,14978,18,21
1858,0,13428,19,21
1859,0,11695,20,21
1860,0,22621,21,21
1861,1,22089,21,21
1862,2,14652,21,21
1863,0,22621,22,21
1864,1,12859,22,21
1865,2,22677,22,21
1866,0,13428,23,21
1867,0,10539,24,21
1868,0,21574,25,21
1869,1,14621,25,21
1870,2,20492,25,21
1871,0,21574,26,21
1872,1,14621,26,21
1873,2,20492,26,21
1874,0,1325,27,21
1875,0,10845,28,21
1876,1,22983,28,21
1877,2,21255,28,21
1878,0,21141,29,21
1879,1,22983,29,21
1880,2,22138,29,21
1881,0,21286,30,21
1882,1,17562,30,21
1883,2,20853,30,21
1884,0,2562,31,21
1885,1,13249,31,21
1886,2,15031,31,21
1887,0,21163,32,21
1888,1,20452,32,21
1889,0,14501,0,22
1890,1,17566,0,22
1891,2,14614,0,22
1892,0,21632,1,22
1893,1,21048,1,22
1894,2,21046,1,22
1895,0,12998,3,22
1896,1,22901,3,22
1897,2,14655,3,22
1898,3,14668,3,22
1899,0,17643,4,22
1900,1,17645,4,22
1901,2,14681,4,22
1902,0,22427,5,22
1903,1,1070,5,22
1904,2,1355,5,22
1905,0,22137,6,22
1906,1,23144,6,22
1907,2,20380,6,22
1908,0,2798,7,22
1909,1,23117,7,22
1910,2,22126,7,22
1911,0,14729,8,22
1912,1,23144,8,22
1913,2,22121,8,22
1914,0,21205,9,22
1915,1,1070,9,22
1916,2,1355,9,22
1917,0,21765,10,22
1918,1,13552,10,22
1919,2,23371,10,22
1920,0,22937,11,22
1921,1,12607,11,22
1922,2,23271,11,22
1923,0,12719,12,22
1924,1,22923,12,22
1925,2,22497,12,22
1926,0,21139,13,22
1927,1,20487,13,22
1928,0,13334,14,22
1929,1,22682,14,22
1930,2,20487,14,22
1931,3,14913,14,22
1932,0,20592,15,22
1933,1,20487,15,22
1934,0,23026,16,22
1935,1,17711,16,22
1936,2,23080,16,22
1937,3,23281,16,22
1938,4,14986,16,22
1939,0,12531,17,22
1940,1,21272,17,22
1941,2,22640,17,22
1942,0,21161,18,22
1943,1,23262,18,22
1944,2,1351,18,22
1945,0,20835,19,22
1946,0,23112,20,22
1947,0,21048,21,22
1948,1,21046,21,22
1949,2,23281,21,22
1950,3,14655,21,22
1951,0,22797,22,22
1952,1,14668,22,22
1953,0,20835,23,22
1954,0,2605,24,22
1955,0,21048,25,22
1956,1,21632,25,22
1957,2,21046,25,22
1958,0,21632,26,22
1959,1,21048,26,22
1960,0,22797,27,22
1961,1,14668,27,22
1962,2,22224,27,22
1963,0,21139,28,22
1964,1,12607,28,22
1965,2,22682,28,22
1966,0,22937,29,22
1967,1,12607,29,22
1968,2,20421,29,22
1969,0,21765,30,22
1970,1,12719,30,22
1971,2,12607,30,22
1972,0,13334,31,22
1973,1,20592,31,22
1974,2,20487,31,22
1975,0,22224,32,22
1976,1,17711,32,22
1977,2,14986,32,22
1978,0,20347,0,23
1979,1,22716,0,23
1980,2,22047,0,23
1981,0,20641,1,23
1982,1,22340,1,23
1983,2,22333,1,23
1984,3,2402,1,23
1985,0,20433,3,23
1986,1,22806,3,23
1987,2,21596,3,23
1988,3,21757,3,23
1989,4,1339,3,23
1990,0,14678,4,23
1991,1,22697,4,23
1992,2,21093,4,23
1993,0,13098,5,23
1994,1,2498,5,23
1995,2,21844,5,23
1996,0,22624,6,23
1997,1,14704,6,23
1998,2,17694,6,23
1999,0,14704,7,23
2000,1,20672,7,23
2001,0,22128,8,23
2002,1,14704,8,23
2003,2,1240,8,23
2004,0,14731,9,23
2005,1,21844,9,23
2006,2,2498,9,23
2007,0,20550,10,23
2008,1,1157,10,23
2009,0,12950,11,23
2010,1,22169,11,23
2011,0,1073,12,23
2012,1,22168,12,23
2013,0,20571,13,23
2014,1,20991,13,23
2015,2,21515,13,23
2016,0,13875,14,23
2017,1,21667,14,23
2018,2,14908,14,23
2019,3,23065,14,23
2020,0,21691,15,23
2021,1,22973,15,23
2022,2,21477,15,23
2023,0,21481,16,23
2024,1,21787,16,23
2025,2,23083,16,23
2026,3,21006,16,23
2027,4,1082,16,23
2028,0,21490,17,23
2029,1,15002,17,23
2030,2,1265,17,23
2031,0,20737,18,23
2032,1,22244,18,23
2033,2,22241,18,23
2034,0,13382,19,23
2035,0,20821,20,23
2036,0,2402,21,23
2037,1,1122,21,23
2038,0,22806,22,23
2039,1,2402,22,23
2040,0,13382,23,23
2041,0,24435,24,23
2042,0,2402,25,23
2043,1,20641,25,23
2044,2,22340,25,23
2045,0,20641,26,23
2046,1,22333,26,23
2047,2,22340,26,23
2048,0,20433,27,23
2049,1,21596,27,23
2050,0,20571,28,23
2051,1,20991,28,23
2052,2,21515,28,23
2053,0,21691,29,23
2054,1,22973,29,23
2055,2,21477,29,23
2056,0,20550,30,23
2057,1,12950,30,23
2058,2,1073,30,23
2059,0,13875,31,23
2060,1,21667,31,23
2061,2,14908,31,23
2062,0,21481,32,23
2063,1,22271,32,23
2064,0,20051,0,24
2065,1,10866,0,24
2066,2,22714,0,24
2067,0,22051,1,24
2068,1,14623,1,24
2069,2,22336,1,24
2070,3,1345,1,24
2071,0,12558,3,24
2072,1,22811,3,24
2073,2,17600,3,24
2074,3,21582,3,24
2075,4,14674,3,24
2076,5,21301,3,24
2077,0,17644,4,24
2078,1,20951,4,24
2079,2,22840,4,24
2080,0,21997,5,24
2081,1,13190,5,24
2082,2,22908,5,24
2083,0,22859,6,24
2084,1,22864,6,24
2085,2,1171,6,24
2086,0,14722,7,24
2087,1,14747,7,24
2088,0,21196,8,24
2089,1,21113,8,24
2090,2,1171,8,24
2091,0,2512,9,24
2092,1,13190,9,24
2093,2,12714,9,24
2094,0,14855,10,24
2095,1,20563,10,24
2096,0,22933,11,24
2097,1,21124,11,24
2098,2,23284,11,24
2099,0,21922,12,24
2100,1,14866,12,24
2101,0,14752,13,24
2102,1,21386,13,24
2103,0,21358,14,24
2104,1,14917,14,24
2105,2,20838,14,24
2106,3,22636,14,24
2107,0,22938,15,24
2108,1,14880,15,24
2109,2,22979,15,24
2110,0,13178,16,24
2111,1,12828,16,24
2112,2,22278,16,24
2113,3,22207,16,24
2114,4,23029,16,24
2115,0,14935,17,24
2116,1,12611,17,24
2117,2,1344,17,24
2118,0,21012,18,24
2119,1,22243,18,24
2120,2,1344,18,24
2121,0,15005,19,24
2122,0,23274,20,24
2123,0,23311,21,24
2124,1,14674,21,24
2125,0,23311,22,24
2126,1,22051,22,24
2127,2,21582,22,24
2128,0,23274,23,24
2129,1,15005,23,24
2130,0,23111,24,24
2131,0,22051,25,24
2132,1,22336,25,24
2133,2,14623,25,24
2134,0,22051,26,24
2135,1,14623,26,24
2136,2,1345,26,24
2137,0,12558,27,24
2138,1,14674,27,24
2139,2,21582,27,24
2140,0,14752,28,24
2141,1,21386,28,24
2142,2,14880,28,24
2143,0,22938,29,24
2144,1,21386,29,24
2145,2,14880,29,24
2146,0,22933,30,24
2147,1,14855,30,24
2148,2,20563,30,24
2149,0,21358,31,24
2150,1,14917,31,24
2151,2,20838,31,24
2152,0,22243,32,24
2153,1,1223,32,24
2154,0,13092,0,25
2155,1,28334,0,25
2156,0,17557,1,25
2157,1,20490,1,25
2158,2,23134,1,25
2159,3,14638,1,25
2160,0,12959,2,25
2161,0,22768,3,25
2162,1,21584,3,25
2163,2,2442,3,25
2164,3,21619,3,25
2165,4,14653,3,25
2166,5,20844,3,25
2167,0,13112,4,25
2168,1,22092,4,25
2169,2,22096,4,25
2170,0,17545,5,25
2171,1,21114,5,25
2172,0,20856,6,25
2173,1,22854,6,25
2174,2,21641,6,25
2175,0,22274,7,25
2176,1,20856,7,25
2177,2,1149,7,25
2178,0,22104,8,25
2179,1,21641,8,25
2180,0,14733,9,25
2181,1,20856,9,25
2182,2,21114,9,25
2183,0,20982,10,25
2184,1,2109,10,25
2185,0,21339,11,25
2186,1,22179,11,25
2187,0,12433,12,25
2188,1,22179,12,25
2189,0,12387,13,25
2190,1,23142,13,25
2191,2,22311,13,25
2192,0,13082,14,25
2193,1,22704,14,25
2194,2,21145,14,25
2195,3,13850,14,25
2196,0,21511,15,25
2197,1,22311,15,25
2198,2,14769,15,25
2199,0,12544,16,25
2200,1,21790,16,25
2201,2,14924,16,25
2202,3,12548,16,25
2203,4,14936,16,25
2204,0,21493,17,25
2205,1,12573,17,25
2206,2,14952,17,25
2207,0,22226,18,25
2208,1,1170,18,25
2209,2,14952,18,25
2210,0,11814,19,25
2211,0,22253,20,25
2212,0,23134,21,25
2213,1,20845,21,25
2214,2,14638,21,25
2215,3,21619,21,25
2216,0,20844,22,25
2217,1,20845,22,25
2218,2,21619,22,25
2219,0,11814,23,25
2220,0,20484,24,25
2221,0,17557,25,25
2222,1,20490,25,25
2223,2,23134,25,25
2224,0,17557,26,25
2225,1,20490,26,25
2226,2,14638,26,25
2227,0,2442,27,25
2228,1,21619,27,25
2229,2,20845,27,25
2230,0,12387,28,25
2231,1,23142,28,25
2232,2,22311,28,25
2233,0,21511,29,25
2234,1,21145,29,25
2235,2,14769,29,25
2236,0,20982,30,25
2237,1,22179,30,25
2238,2,21339,30,25
2239,0,13082,31,25
2240,1,22704,31,25
2241,2,13850,31,25
2242,0,12544,32,25
2243,1,21493,32,25
2244,0,14579,0,26
2245,1,19983,0,26
2246,2,17568,0,26
2247,0,22055,1,26
2248,1,12948,1,26
2249,2,12720,1,26
2250,3,22737,1,26
2251,0,14682,2,26
2252,0,20435,3,26
2253,1,12645,3,26
2254,2,21585,3,26
2255,3,20802,3,26
2256,4,2450,3,26
2257,5,21325,3,26
2258,0,857,4,26
2259,1,21767,4,26
2260,2,14682,4,26
2261,0,14730,5,26
2262,1,2308,5,26
2263,0,20724,6,26
2264,1,22131,6,26
2265,0,20979,7,26
2266,1,20371,7,26
2267,0,21533,8,26
2268,1,13723,8,26
2269,0,13845,9,26
2270,1,13723,9,26
2271,0,13244,10,26
2272,1,13239,10,26
2273,2,1134,10,26
2274,0,20567,11,26
2275,1,2528,11,26
2276,2,1134,11,26
2277,0,12521,12,26
2278,1,13104,12,26
2279,2,14751,12,26
2280,3,17739,12,26
2281,0,21253,13,26
2282,1,10939,13,26
2283,0,11567,14,26
2284,1,21253,14,26
2285,2,14916,14,26
2286,0,13628,15,26
2287,1,1091,15,26
2288,2,10939,15,26
2289,0,12528,16,26
2290,1,14947,16,26
2291,2,21704,16,26
2292,3,13007,16,26
2293,4,21013,16,26
2294,0,23053,17,26
2295,1,13269,17,26
2296,2,21486,17,26
2297,0,21151,18,26
2298,1,22450,18,26
2299,2,1379,18,26
2300,0,20482,19,26
2301,1,12821,19,26
2302,0,2335,20,26
2303,0,14666,21,26
2304,1,12720,21,26
2305,0,20802,22,26
2306,1,21013,22,26
2307,0,20482,23,26
2308,1,12821,23,26
2309,0,12498,24,26
2310,0,12948,25,26
2311,1,22055,25,26
2312,2,12720,25,26
2313,0,22055,26,26
2314,1,22737,26,26
2315,2,12948,26,26
2316,0,2450,27,26
2317,1,14666,27,26
2318,0,13244,28,26
2319,1,20567,28,26
2320,2,13239,28,26
2321,0,2528,29,26
2322,1,20567,29,26
2323,2,1134,29,26
2324,0,12521,30,26
2325,1,13104,30,26
2326,2,14751,30,26
2327,0,11567,31,26
2328,1,13628,31,26
2329,2,21253,31,26
2330,0,21013,32,26
2331,1,14947,32,26
2332,0,10843,0,27
2333,1,14611,0,27
2334,2,22715,0,27
2335,0,12551,1,27
2336,1,12663,1,27
2337,2,22742,1,27
2338,3,23364,1,27
2339,0,22002,2,27
2340,1,20409,2,27
2341,0,22072,3,27
2342,1,22666,3,27
2343,2,13165,3,27
2344,3,13366,3,27
2345,4,1095,3,27
2346,5,13222,3,27
2347,0,12922,4,27
2348,1,21058,4,27
2349,2,20393,4,27
2350,0,14696,5,27
2351,1,20479,5,27
2352,2,21822,5,27
2353,0,12973,6,27
2354,1,22907,6,27
2355,0,20437,7,27
2356,1,21292,7,27
2357,2,1407,7,27
2358,0,20972,8,27
2359,1,21851,8,27
2360,0,22103,9,27
2361,1,20479,9,27
2362,2,21822,9,27
2363,0,20417,10,27
2364,1,21688,10,27
2365,2,12660,10,27
2366,0,10697,11,27
2367,1,20985,11,27
2368,2,22917,11,27
2369,0,13188,12,27
2370,1,22915,12,27
2371,2,20409,12,27
2372,3,1108,12,27
2373,4,22175,12,27
2374,0,21001,13,27
2375,1,23138,13,27
2376,0,11555,14,27
2377,1,14912,14,27
2378,0,21910,15,27
2379,1,22410,15,27
2380,2,22203,15,27
2381,0,21445,16,27
2382,1,14925,16,27
2383,2,22209,16,27
2384,3,20623,16,27
2385,4,1362,16,27
2386,0,11892,17,27
2387,1,13846,17,27
2388,0,23127,18,27
2389,1,13846,18,27
2390,0,23337,19,27
2391,0,1384,20,27
2392,0,12663,21,27
2393,1,23364,21,27
2394,2,1356,21,27
2395,0,13165,22,27
2396,1,1356,22,27
2397,0,23337,23,27
2398,1,1384,23,27
2399,0,12979,24,27
2400,0,12551,25,27
2401,1,22742,25,27
2402,2,12663,25,27
2403,0,12663,26,27
2404,1,12551,26,27
2405,2,23364,26,27
2406,0,13366,27,27
2407,1,13165,27,27
2408,2,1356,27,27
2409,0,20417,28,27
2410,1,21688,28,27
2411,2,12660,28,27
2412,0,20985,29,27
2413,1,10697,29,27
2414,2,22917,29,27
2415,0,22915,30,27
2416,1,13188,30,27
2417,2,20409,30,27
2418,0,11555,31,27
2419,1,21001,31,27
2420,2,21910,31,27
2421,0,22209,32,27
2422,0,112,0,28
2423,1,22380,0,28
2424,2,22713,0,28
2425,0,22338,1,28
2426,1,22732,1,28
2427,2,22738,1,28
2428,3,9718,1,28
2429,0,20353,3,28
2430,1,2448,3,28
2431,2,22694,3,28
2432,3,22821,3,28
2433,4,20933,3,28
2434,5,21740,3,28
2435,0,20511,4,28
2436,1,12673,4,28
2437,2,14687,4,28
2438,0,22437,5,28
2439,1,12448,5,28
2440,2,21828,5,28
2441,0,2507,6,28
2442,1,14715,6,28
2443,2,14707,6,28
2444,0,22886,7,28
2445,1,1372,7,28
2446,0,22893,8,28
2447,1,14707,8,28
2448,0,22105,9,28
2449,1,12448,9,28
2450,2,21828,9,28
2451,0,2527,10,28
2452,1,1088,10,28
2453,2,22976,10,28
2454,0,17688,11,28
2455,1,1088,11,28
2456,2,17897,11,28
2457,0,14758,12,28
2458,1,22963,12,28
2459,2,23298,12,28
2460,0,13145,13,28
2461,1,22153,13,28
2462,2,21130,13,28
2463,0,21921,14,28
2464,1,14907,14,28
2465,2,23011,14,28
2466,3,22461,14,28
2467,0,22974,15,28
2468,1,20553,15,28
2469,0,23023,16,28
2470,1,22247,16,28
2471,2,21658,16,28
2472,3,17657,16,28
2473,4,14963,16,28
2474,0,20602,17,28
2475,1,12690,17,28
2476,2,23267,17,28
2477,0,22211,18,28
2478,1,12690,18,28
2479,2,21167,18,28
2480,0,2772,19,28
2481,1,13391,19,28
2482,0,13391,20,28
2483,0,21740,21,28
2484,1,22738,21,28
2485,0,21740,22,28
2486,1,22694,22,28
2487,2,22377,22,28
2488,0,2772,23,28
2489,1,13391,23,28
2490,0,23286,24,28
2491,0,22338,25,28
2492,1,22732,25,28
2493,2,22738,25,28
2494,0,22732,26,28
2495,1,22338,26,28
2496,2,22738,26,28
2497,0,22694,27,28
2498,1,22821,27,28
2499,0,13145,28,28
2500,1,22153,28,28
2501,2,21130,28,28
2502,0,22974,29,28
2503,1,20553,29,28
2504,2,22153,29,28
2505,0,2527,30,28
2506,1,17688,30,28
2507,2,17897,30,28
2508,0,21921,31,28
2509,1,14907,31,28
2510,2,23011,31,28
2511,0,23023,32,28
2512,0,11217,0,29
2513,1,21560,0,29
2514,2,13691,0,29
2515,0,21829,1,29
2516,1,22471,1,29
2517,2,498,1,29
2518,0,22249,2,29
2519,0,22365,3,29
2520,1,12529,3,29
2521,2,21072,3,29
2522,3,22086,3,29
2523,4,14661,3,29
2524,5,21611,3,29
2525,0,21561,4,29
2526,1,22824,4,29
2527,2,22249,4,29
2528,0,21655,5,29
2529,1,20365,5,29
2530,0,17776,6,29
2531,1,22891,6,29
2532,2,20364,6,29
2533,0,14706,7,29
2534,1,20537,7,29
2535,2,21841,7,29
2536,0,13137,8,29
2537,1,1083,8,29
2538,2,22891,8,29
2539,0,14700,9,29
2540,1,22849,9,29
2541,2,20365,9,29
2542,0,12604,10,29
2543,1,17731,10,29
2544,2,1097,10,29
2545,0,10698,11,29
2546,1,22143,11,29
2547,2,21926,11,29
2548,0,22934,12,29
2549,1,12639,12,29
2550,0,12562,13,29
2551,1,2534,13,29
2552,2,22163,13,29
2553,0,20999,14,29
2554,1,20731,14,29
2555,2,14904,14,29
2556,3,17854,14,29
2557,0,21234,15,29
2558,1,22982,15,29
2559,2,22163,15,29
2560,0,22706,16,29
2561,1,13169,16,29
2562,2,12580,16,29
2563,3,21021,16,29
2564,4,21004,16,29
2565,0,13084,17,29
2566,1,12594,17,29
2567,2,17756,17,29
2568,0,13154,18,29
2569,1,12594,18,29
2570,2,17756,18,29
2571,0,2262,19,29
2572,0,12823,20,29
2573,1,22019,20,29
2574,0,498,21,29
2575,1,22471,21,29
2576,0,22086,22,29
2577,1,498,22,29
2578,0,2262,23,29
2579,0,13643,24,29
2580,0,22471,25,29
2581,1,21829,25,29
2582,2,498,25,29
2583,0,21829,26,29
2584,1,22471,26,29
2585,2,498,26,29
2586,0,22086,27,29
2587,0,12562,28,29
2588,1,2534,28,29
2589,2,22163,28,29
2590,0,21234,29,29
2591,1,22982,29,29
2592,2,22163,29,29
2593,0,10698,30,29
2594,1,12604,30,29
2595,2,22934,30,29
2596,0,20999,31,29
2597,1,20731,31,29
2598,2,14904,31,29
2599,0,1369,32,29
2600,0,13088,0,30
2601,1,22687,0,30
2602,0,20473,1,30
2603,1,22749,1,30
2604,2,21047,1,30
2605,3,22618,1,30
2606,0,13113,3,30
2607,1,17593,3,30
2608,2,21067,3,30
2609,3,22069,3,30
2610,4,14671,3,30
2611,5,23277,3,30
2612,0,22347,4,30
2613,1,22835,4,30
2614,2,17651,4,30
2615,0,14697,5,30
2616,1,22442,5,30
2617,2,23137,5,30
2618,0,22698,6,30
2619,1,22463,6,30
2620,2,22466,6,30
2621,0,20974,7,30
2622,1,12753,7,30
2623,2,12763,7,30
2624,0,21657,8,30
2625,1,24424,8,30
2626,2,22466,8,30
2627,0,22442,9,30
2628,1,22863,9,30
2629,2,23137,9,30
2630,0,13466,10,30
2631,1,20988,10,30
2632,2,23372,10,30
2633,0,20549,11,30
2634,1,21129,11,30
2635,2,23372,11,30
2636,0,14760,12,30
2637,1,22935,12,30
2638,0,13172,13,30
2639,1,22944,13,30
2640,2,14883,13,30
2641,0,13200,14,30
2642,1,20998,14,30
2643,2,22678,14,30
2644,3,12578,14,30
2645,0,13120,15,30
2646,1,14883,15,30
2647,2,22944,15,30
2648,0,21351,16,30
2649,1,12587,16,30
2650,2,14984,16,30
2651,3,22275,16,30
2652,0,2634,17,30
2653,1,17724,17,30
2654,2,22537,17,30
2655,0,20629,18,30
2656,1,17724,18,30
2657,2,1247,18,30
2658,0,28142,19,30
2659,0,21862,20,30
2660,0,22749,21,30
2661,1,22618,21,30
2662,0,14671,22,30
2663,1,17593,22,30
2664,0,28142,23,30
2665,0,10551,24,30
2666,0,20473,25,30
2667,1,22749,25,30
2668,2,22618,25,30
2669,0,22749,26,30
2670,1,20473,26,30
2671,2,22618,26,30
2672,0,17593,27,30
2673,1,14671,27,30
2674,0,13172,28,30
2675,1,22944,28,30
2676,2,14883,28,30
2677,0,13120,29,30
2678,1,14883,29,30
2679,2,22944,29,30
2680,0,20549,30,30
2681,1,13466,30,30
2682,2,14760,30,30
2683,0,13200,31,30
2684,1,20998,31,30
2685,2,22678,31,30
2686,0,22206,32,30
2687,1,13004,32,30
2688,0,13097,0,31
2689,1,14610,0,31
2690,2,20427,0,31
2691,0,12748,1,31
2692,1,20919,1,31
2693,2,22062,1,31
2694,0,12967,2,31
2695,0,20961,3,31
2696,1,22693,3,31
2697,2,22363,3,31
2698,3,13759,3,31
2699,4,13777,3,31
2700,0,20518,4,31
2701,1,20358,4,31
2702,2,13038,4,31
2703,0,21534,5,31
2704,1,12557,5,31
2705,2,1732,5,31
2706,0,24423,6,31
2707,1,20361,6,31
2708,2,12641,6,31
2709,0,20372,7,31
2710,1,22913,7,31
2711,2,12641,7,31
2712,0,20361,8,31
2713,1,22118,8,31
2714,2,12641,8,31
2715,0,13257,9,31
2716,1,1732,9,31
2717,2,15022,9,31
2718,0,17656,10,31
2719,1,17692,10,31
2720,0,22951,11,31
2721,1,20554,11,31
2722,0,13115,12,31
2723,1,1153,12,31
2724,2,1350,12,31
2725,0,20699,13,31
2726,1,21690,13,31
2727,2,28422,13,31
2728,0,20693,14,31
2729,1,22977,14,31
2730,2,17852,14,31
2731,3,22190,14,31
2732,0,21131,15,31
2733,1,14894,15,31
2734,2,21690,15,31
2735,0,11436,16,31
2736,1,20599,16,31
2737,2,12829,16,31
2738,3,23039,16,31
2739,4,12724,16,31
2740,0,11440,17,31
2741,1,23047,17,31
2742,0,21155,18,31
2743,1,21447,18,31
2744,2,22488,18,31
2745,0,15004,19,31
2746,0,22538,20,31
2747,0,22062,21,31
2748,1,13777,21,31
2749,0,13777,22,31
2750,1,22363,22,31
2751,0,15004,23,31
2752,0,2279,24,31
2753,0,12748,25,31
2754,1,20919,25,31
2755,2,22062,25,31
2756,0,12748,26,31
2757,1,12967,26,31
2758,2,20919,26,31
2759,0,22693,27,31
2760,1,13777,27,31
2761,0,20699,28,31
2762,1,21690,28,31
2763,2,28422,28,31
2764,0,21131,29,31
2765,1,14894,29,31
2766,2,21690,29,31
2767,0,13115,30,31
2768,1,17692,30,31
2769,2,20554,30,31
2770,0,20693,31,31
2771,1,22977,31,31
2772,2,17852,31,31
2773,0,20599,32,31
2774,1,21155,32,31
2775,2,23047,32,31
2776,0,22688,0,32
2777,1,21556,0,32
2778,2,11222,0,32
2779,0,12625,1,32
2780,1,22067,1,32
2781,2,12799,1,32
2782,3,1391,1,32
2783,0,1391,2,32
2784,0,2454,3,32
2785,1,21587,3,32
2786,2,22764,3,32
2787,3,521,3,32
2788,4,22361,3,32
2789,5,22769,3,32
2790,0,13435,4,32
2791,1,21562,4,32
2792,2,14680,4,32
2793,0,17541,5,32
2794,1,14712,5,32
2795,2,22860,5,32
2796,0,20397,6,32
2797,1,22877,6,32
2798,2,22341,6,32
2799,0,22874,7,32
2800,1,22341,7,32
2801,0,2523,8,32
2802,1,22877,8,32
2803,2,22341,8,32
2804,0,14712,9,32
2805,1,20397,9,32
2806,2,22438,9,32
2807,0,22702,10,32
2808,1,12530,10,32
2809,2,9840,10,32
2810,0,2540,11,32
2811,1,2366,11,32
2812,2,22961,11,32
2813,0,2537,12,32
2814,1,13123,12,32
2815,2,13294,12,32
2816,3,22634,12,32
2817,4,21913,12,32
2818,0,21498,13,32
2819,1,21408,13,32
2820,0,20688,14,32
2821,1,22998,14,32
2822,2,2816,14,32
2823,0,22405,15,32
2824,1,20581,15,32
2825,2,1104,15,32
2826,0,22269,16,32
2827,1,14929,16,32
2828,2,21010,16,32
2829,3,20733,16,32
2830,4,21264,16,32
2831,0,22230,17,32
2832,1,14939,17,32
2833,2,13143,17,32
2834,0,12389,18,32
2835,1,17713,18,32
2836,2,13143,18,32
2837,0,17759,19,32
2838,0,21175,20,32
2839,0,22067,21,32
2840,1,521,21,32
2841,0,521,22,32
2842,1,22361,22,32
2843,0,17759,23,32
2844,0,10577,24,32
2845,0,12625,25,32
2846,1,12799,25,32
2847,2,22067,25,32
2848,0,12625,26,32
2849,1,22067,26,32
2850,2,12799,26,32
2851,0,2454,27,32
2852,1,521,27,32
2853,2,22361,27,32
2854,0,22702,28,32
2855,1,12530,28,32
2856,2,2366,28,32
2857,0,2540,29,32
2858,1,2366,29,32
2859,2,9840,29,32
2860,0,2537,30,32
2861,1,13123,30,32
2862,2,13294,30,32
2863,0,20688,31,32
2864,1,22998,31,32
2865,2,2816,31,32
2866,0,22230,32,32
2867,1,14929,32,32
2868,2,21264,32,32
